City,Lat,Lng,Max Temp,Humidity,Cloudiness,Wind Speed,Country,Date
Bredasdorp,-34.5322,20.0403,10.0,93,100,2.57,ZA,1619318258
Punta Arenas,-53.15,-70.9167,7.0,70,0,4.12,CL,1619318927
Codrington,-38.2667,141.9667,16.17,65,54,4.77,AU,1619318349
Longyearbyen,78.2186,15.6401,-8.84,95,98,1.35,SJ,1619318327
Busselton,-33.65,115.3333,21.51,64,1,2.07,AU,1619318245
Hobart,-42.8794,147.3294,17.22,51,40,8.75,AU,1619318661
Syedove,47.0768,38.156,5.0,100,99,2.24,UA,1619318928
Rikitea,-23.1203,-134.9692,25.95,76,100,5.84,PF,1619318928
Bluff,-46.6,168.3333,7.22,82,91,4.47,NZ,1619318336
Hong Kong,22.2855,114.1577,26.67,84,93,0.89,HK,1619318354
Ketchikan,55.3422,-131.6461,12.44,51,4,2.47,US,1619318834
Mindelo,16.8901,-24.9804,22.0,78,40,8.75,CV,1619318928
George Town,5.4112,100.3354,30.0,74,20,2.57,MY,1619318170
Saskylakh,71.9167,114.0833,0.56,99,100,4.98,RU,1619318344
Talnakh,69.4865,88.3972,-9.54,89,98,5.05,RU,1619318380
Kamina,-8.7386,24.9906,17.02,96,100,1.15,CD,1619318929
Puerto Ayora,-0.7393,-90.3518,24.22,88,89,2.72,EC,1619318342
Kimbe,-5.5502,150.1429,29.54,72,55,2.5,PG,1619318243
Yar-Sale,66.8333,70.8333,-1.97,97,100,2.87,RU,1619318359
Eirunepé,-6.6603,-69.8736,23.03,97,89,0.25,BR,1619318929
Mataura,-46.1927,168.8643,7.22,82,34,4.47,NZ,1619318358
Dickinson,29.4608,-95.0513,24.0,53,1,4.12,US,1619318929
Port-Gentil,-0.7193,8.7815,25.09,90,73,4.9,GA,1619318208
Guerrero Negro,27.9769,-114.0611,14.92,84,3,7.66,MX,1619318447
Yulara,-25.2406,130.9889,22.0,30,0,8.75,AU,1619318355
Lebu,-37.6167,-73.65,11.83,85,2,6.45,CL,1619318247
Jining,35.405,116.5814,15.39,66,100,2.15,CN,1619318650
Arraial do Cabo,-22.9661,-42.0278,22.76,81,7,3.2,BR,1619318344
Carnarvon,-24.8667,113.6333,28.0,34,1,2.06,AU,1619318172
Tuktoyaktuk,69.4541,-133.0374,-4.0,86,20,4.63,CA,1619318333
Kaitangata,-46.2817,169.8464,10.56,53,40,5.81,NZ,1619318931
Kikwit,-5.041,18.8162,20.56,93,61,0.96,CD,1619318802
Qaanaaq,77.484,-69.3632,-5.02,68,80,3.79,GL,1619318332
Ilulissat,69.2167,-51.1,8.0,46,0,12.35,GL,1619318851
Mazamet,43.49,2.373,14.0,58,0,7.72,FR,1619318931
Sulangan,11.1373,123.7228,28.22,71,56,2.4,PH,1619318931
Zhigansk,66.7697,123.3711,0.91,99,100,2.93,RU,1619318355
Ukiah,39.1502,-123.2078,14.0,51,20,3.09,US,1619318931
Takoradze,4.8845,-1.7554,26.8,83,100,2.45,GH,1619318342
Port Alfred,-33.5906,26.891,17.75,79,75,4.13,ZA,1619318335
White Rock,49.0164,-122.8026,9.44,93,100,1.54,CA,1619318932
Butaritari,3.0707,172.7902,28.14,75,66,4.6,KI,1619318932
Phuket,8.0,98.25,31.11,70,20,5.66,TH,1619318700
Morondava,-20.2833,44.2833,23.48,75,20,1.22,MG,1619318932
Port Shepstone,-30.7414,30.455,18.64,77,0,2.87,ZA,1619318739
Mossamedes,-15.1961,12.1522,25.01,81,53,0.74,AO,1619318826
Nikolskoye,59.7035,30.7861,2.78,93,20,2.0,RU,1619318377
Ingham,42.6,-84.3833,10.0,81,90,2.78,US,1619318933
Jamestown,42.097,-79.2353,11.0,50,90,4.12,US,1619318243
Omboué,-1.5746,9.2618,23.72,95,93,2.99,GA,1619318933
Ushuaia,-54.8,-68.3,7.0,76,20,1.54,AR,1619318933
Moranbah,-22.0016,148.0466,22.34,61,100,8.48,AU,1619318933
Honningsvåg,70.9821,25.9704,0.15,61,100,6.23,NO,1619318933
Praia da Vitória,38.7333,-27.0667,15.0,82,75,11.14,PT,1619318827
Hailar,49.2,119.7,12.84,18,91,2.72,CN,1619318934
Rexburg,43.826,-111.7897,11.0,54,40,8.75,US,1619318934
Chokurdakh,70.6333,147.9167,-9.67,81,2,3.74,RU,1619318350
Cape Town,-33.9258,18.4232,15.56,82,0,1.54,ZA,1619318112
Dikson,73.5069,80.5464,-12.26,93,65,3.69,RU,1619318353
Albany,42.6001,-73.9662,12.78,47,100,0.81,US,1619318934
Cidreira,-30.1811,-50.2056,19.75,88,90,3.54,BR,1619318462
Atuona,-9.8,-139.0333,27.06,74,47,6.83,PF,1619318935
Souillac,-20.5167,57.5167,26.0,78,75,7.2,MU,1619318343
Kavaratti,10.5669,72.642,29.27,67,15,3.06,IN,1619318260
Fort Dodge,42.4975,-94.168,8.0,34,1,1.54,US,1619318935
Cabo San Lucas,22.8909,-109.9124,24.0,25,1,4.12,MX,1619318370
Yellowknife,62.456,-114.3525,-9.0,48,40,5.66,CA,1619318356
Saint-Philippe,-21.3585,55.7679,26.0,73,91,10.29,RE,1619318335
Dali,25.7,100.1833,23.97,21,19,2.59,CN,1619318919
Sinegorsk,47.1667,142.5,4.0,41,20,6.0,RU,1619318936
Bhadrāchalam,17.6667,80.8833,32.03,54,2,3.07,IN,1619318936
Amahai,-3.3333,128.9167,29.45,65,38,1.91,ID,1619318369
Vaini,-21.2,-175.2,29.0,74,40,4.12,TO,1619318936
Kumul,42.8,93.45,4.38,50,91,8.79,CN,1619318107
Torbay,47.6666,-52.7314,3.33,93,75,8.23,CA,1619318936
Pundaguitan,6.3711,126.1689,29.23,67,92,3.4,PH,1619318936
Iquique,-20.2208,-70.1431,18.0,63,0,3.6,CL,1619318937
Plainview,40.7765,-73.4673,13.89,54,20,2.57,US,1619318937
Hofn,64.2539,-15.2082,7.22,88,100,1.8,IS,1619318395
New Norfolk,-42.7826,147.0587,17.22,72,96,1.79,AU,1619318937
Castro,-24.7911,-50.0119,14.21,83,83,0.87,BR,1619318254
Beringovskiy,63.05,179.3167,0.36,93,100,1.16,RU,1619318937
Mahébourg,-20.4081,57.7,26.0,78,75,7.2,MU,1619318225
East London,-33.0153,27.9116,17.49,76,84,2.54,ZA,1619318362
São Luiz Gonzaga,-28.4083,-54.9608,17.08,98,100,2.1,BR,1619318938
Meiktila,20.8667,95.8667,34.14,42,99,6.07,MM,1619318938
Esperance,-33.8667,121.9,23.0,40,41,8.75,AU,1619318369
Chui,-33.6971,-53.4616,17.24,92,95,4.89,UY,1619318938
Elie,56.1926,-2.8223,3.89,93,0,1.03,GB,1619318938
Mar del Plata,-38.0023,-57.5575,13.89,94,40,2.57,AR,1619318347
Lavrentiya,65.5833,-171.0,0.92,92,93,0.52,RU,1619318368
Iqaluit,63.7506,-68.5145,0.0,86,90,1.03,CA,1619318258
Rio Grande,-32.035,-52.0986,17.78,95,100,3.7,BR,1619318939
Plungė,55.9114,21.8442,3.0,75,40,3.09,LT,1619318939
Ponta do Sol,32.6667,-17.1,14.44,87,92,3.13,PT,1619318351
Hilo,19.7297,-155.09,23.0,83,90,2.06,US,1619318931
Avarua,-21.2078,-159.775,28.0,69,20,5.14,CK,1619318339
Okhotsk,59.3833,143.3,-0.89,49,6,4.8,RU,1619318448
El Carmen,8.5106,-73.4478,20.89,89,68,1.36,CO,1619318939
Bambous Virieux,-20.3428,57.7575,26.0,78,75,7.2,MU,1619318381
Adrar,20.5022,-10.0711,24.51,15,7,4.22,MR,1619318743
Copăcel,46.9833,22.1667,2.22,87,54,3.6,RO,1619318940
Kyabé,9.4515,18.9449,26.13,62,96,5.27,TD,1619318940
Bethel,41.3712,-73.414,14.0,41,1,2.57,US,1619318361
Nicolás Bravo,18.45,-88.9167,27.22,74,20,4.63,MX,1619318940
Hualmay,-11.0964,-77.6139,19.15,87,5,4.25,PE,1619318444
Rosetown,51.5501,-108.0014,5.0,20,31,1.03,CA,1619318940
Orshanka,56.9161,47.8933,3.0,96,100,6.05,RU,1619318941
Pangnirtung,66.1451,-65.7125,-2.55,75,81,3.37,CA,1619318941
Kapaa,22.0752,-159.319,26.0,65,20,6.69,US,1619318719
Bengkulu,-3.8004,102.2655,28.39,67,61,1.66,ID,1619318941
Hobyo,5.3505,48.5268,28.46,67,19,3.13,SO,1619318426
Cherskiy,68.75,161.3,-5.52,83,100,5.93,RU,1619318453
Carroll,39.5501,-77.0164,10.56,91,100,2.46,US,1619318942
Saint Paul Harbor,57.79,-152.4072,6.0,87,90,4.12,US,1619318344
Orsha,54.5153,30.4053,-1.49,91,45,4.24,BY,1619318942
Husavik,66.0449,-17.3389,8.0,71,0,4.12,IS,1619318942
Serafimovich,49.5786,42.736,2.78,82,25,3.58,RU,1619318942
Biak,-0.9131,122.8766,28.63,65,76,2.25,ID,1619318374
Raposa,-6.5167,-44.1833,21.49,94,80,0.84,BR,1619318942
Jalingo,8.8833,11.3667,25.75,63,100,1.58,NG,1619318942
Hohhot,40.8106,111.6522,14.0,47,20,5.0,CN,1619318824
Petropavlovsk-Kamchatskiy,53.0452,158.6483,3.0,87,75,1.0,RU,1619318174
Mexico,15.0646,120.7198,31.0,58,75,5.14,PH,1619318786
Khatanga,71.9667,102.5,-6.32,88,100,9.97,RU,1619318373
De Aar,-30.6497,24.0123,14.68,30,0,1.68,ZA,1619318943
Lüderitz,-26.6481,15.1594,15.58,86,96,1.05,NA,1619318243
Rocha,-34.4833,-54.3333,16.67,82,99,5.98,UY,1619318944
Port Lincoln,-34.7333,135.8667,18.36,54,2,2.17,AU,1619318258
Antalaha,-14.9003,50.2788,23.18,95,100,2.97,MG,1619318742
Makkah al Mukarramah,21.4267,39.8261,27.86,39,92,0.52,SA,1619318705
Adjumani,3.3779,31.7909,19.02,96,100,1.03,UG,1619318944
Khovd,48.0056,91.6419,-0.38,25,94,2.67,MN,1619318413
Valley City,46.9233,-98.0032,2.0,35,1,2.57,US,1619318945
Malanje,-9.5402,16.341,17.6,96,93,0.73,AO,1619318880
Norman Wells,65.282,-126.8329,7.0,33,20,3.6,CA,1619318396
Padang,-0.9492,100.3543,27.0,83,20,1.03,ID,1619318158
Vanimo,-2.6741,141.3028,25.77,88,100,1.22,PG,1619318380
Hithadhoo,-0.6,73.0833,28.39,67,26,2.38,MV,1619318945
Barrow,71.2906,-156.7887,-2.0,80,1,3.6,US,1619318746
Klyuchi,52.2667,79.1667,7.94,38,59,3.08,RU,1619318945
Wynyard,-41.0,145.7167,15.0,57,42,5.36,AU,1619318945
Pisco,-13.7,-76.2167,20.0,83,0,4.12,PE,1619318362
Tiksi,71.6872,128.8694,0.43,92,100,4.96,RU,1619318356
Isangel,-19.55,169.2667,30.0,70,75,2.57,VU,1619318946
Peştera,44.1833,28.1333,4.0,100,94,2.57,RO,1619318946
Baharly,38.4362,57.4316,22.5,47,77,1.41,TM,1619318946
Caravelas,-17.7125,-39.2481,23.02,89,0,2.2,BR,1619318402
Linden,6.0,-58.3,24.0,100,90,3.09,GY,1619318946
Port Elizabeth,-33.918,25.5701,14.0,100,90,3.6,ZA,1619318739
Antofagasta,-23.65,-70.4,16.0,77,0,0.51,CL,1619318793
Sharan,54.8167,54.0,6.6,92,99,5.66,RU,1619318947
Hermanus,-34.4187,19.2345,17.22,81,100,1.34,ZA,1619318947
Mafinga,-7.25,35.0667,18.02,92,42,1.37,TZ,1619318947
Florida,28.7505,-82.5001,25.56,83,90,3.09,US,1619318845
Askiz,53.1319,90.5264,4.23,62,99,5.93,RU,1619318947
Atasū,48.6814,71.6433,7.37,28,100,8.19,KZ,1619318947
Marfino,55.7028,37.3822,1.11,86,75,8.0,RU,1619318862
Sinnamary,5.3833,-52.95,25.48,87,100,4.77,GF,1619318415
Porto-Novo,6.4965,2.6036,27.0,89,40,2.06,BJ,1619318816
Kruisfontein,-34.0033,24.7314,15.92,71,29,2.69,ZA,1619318948
Majene,-3.5403,118.9707,29.98,65,4,3.53,ID,1619318717
Tombouctou,20.0,-3.0,29.41,14,60,4.86,ML,1619318948
Gigmoto,13.7796,124.39,27.34,75,72,3.52,PH,1619318948
Ballina,-28.8667,153.5667,23.0,60,40,3.09,AU,1619318771
Yaan,7.3833,8.5667,24.68,84,83,1.45,NG,1619318949
Port Barton,10.4756,119.2472,29.46,66,37,3.29,PH,1619318949
Oconomowoc,43.1117,-88.4993,7.22,70,90,6.17,US,1619318949
Congonhas,-20.4997,-43.8578,14.91,77,0,0.7,BR,1619318949
Udachny,66.4167,112.4,0.56,99,70,2.79,RU,1619318949
Bangassou,4.7413,22.8184,20.38,99,100,1.04,CF,1619318949
Upernavik,72.7868,-56.1549,-5.05,80,9,3.2,GL,1619318371
Sfântu Gheorghe,45.8667,25.7833,4.44,75,98,0.45,RO,1619318949
Hasaki,35.7333,140.8333,22.78,49,75,4.12,JP,1619318950
Waingapu,-9.6567,120.2641,29.23,67,21,5.19,ID,1619318779
Ciénaga,11.007,-74.2476,30.0,66,20,5.66,CO,1619318950
Jacareacanga,-6.2222,-57.7528,24.72,88,74,0.51,BR,1619318950
Saint George,37.1041,-113.5841,25.0,13,1,12.35,US,1619318211
Enna,37.5588,14.2892,9.44,80,0,1.83,IT,1619318950
Anadyr,64.75,177.4833,2.0,87,20,4.0,RU,1619318365
Safi,32.2994,-9.2372,16.51,77,0,5.4,MA,1619318951
San Teodoro,13.4375,121.0193,29.44,74,30,1.34,PH,1619318951
La Libertad,-2.2333,-80.9,22.87,84,100,3.19,EC,1619318862
Necochea,-38.5473,-58.7368,15.0,79,11,0.89,AR,1619318951
Veliki Trnovac,42.4767,21.7405,1.67,83,27,1.39,RS,1619318951
Nanortalik,60.1432,-45.2371,4.28,76,99,5.19,GL,1619318369
Acapulco de Juárez,16.8634,-99.8901,27.0,74,20,1.54,MX,1619318845
Aklavik,68.2191,-135.0107,5.0,45,25,5.14,CA,1619318384
Moss Point,30.4116,-88.5345,21.11,88,40,1.54,US,1619318884
Buala,-8.145,159.5921,28.87,74,51,1.06,SB,1619318953
Rawson,-43.3002,-65.1023,13.28,62,0,4.8,AR,1619318953
Saldanha,-33.0117,17.9442,15.0,88,100,2.06,ZA,1619318739
Rovaniemi,66.5,25.7167,-1.0,86,90,5.14,FI,1619318953
Southbridge,42.0751,-72.0334,14.0,35,1,5.66,US,1619318828
Dudinka,69.4058,86.1778,-9.76,88,35,5.04,RU,1619318953
Palana,59.1167,159.9667,-0.98,99,100,1.34,RU,1619318954
Bilma,18.6853,12.9164,28.6,13,0,2.87,NE,1619318954
Grand Baie,-20.0182,57.5802,23.33,90,100,3.13,MU,1619318954
Lichtenfels,50.1457,11.0593,2.22,81,39,1.72,DE,1619318955
Ostrovnoy,68.0531,39.5131,1.3,99,100,1.76,RU,1619318428
Yumen,40.2833,97.2,14.85,18,38,3.43,CN,1619318955
Twin Falls,42.3505,-114.6445,11.0,62,90,3.09,US,1619318955
Anchorage,61.2181,-149.9003,15.0,35,1,2.57,US,1619318792
Buraidah,26.326,43.975,22.0,28,0,1.03,SA,1619318703
Kiryat Gat,31.61,34.7642,17.22,100,7,1.75,IL,1619318386
Vanavara,60.34,102.2797,1.99,99,100,1.1,RU,1619318825
Manaure,11.7751,-72.4445,26.89,72,10,6.9,CO,1619318956
Kiunga,-6.1219,141.2906,24.75,85,100,0.46,PG,1619318956
Boyolangu,-8.1181,111.8935,29.12,62,5,1.91,ID,1619318852
Salalah,17.0151,54.0924,28.0,78,40,1.54,OM,1619318399
Sioux Lookout,50.1001,-91.917,-2.0,59,20,1.03,CA,1619318439
Sungai Penuh,-2.0833,101.3833,25.8,56,82,0.76,ID,1619318957
Narsaq,60.9167,-46.05,12.0,30,75,16.46,GL,1619318364
Kawalu,-7.3817,108.2082,29.36,57,66,1.64,ID,1619318828
Zeya,53.75,127.2667,9.72,36,12,2.71,RU,1619318957
Gunnedah,-30.9833,150.25,21.11,44,0,1.34,AU,1619318957
Tezu,27.9167,96.1667,34.22,13,6,1.79,IN,1619318406
Xunchang,28.4543,104.715,16.49,82,100,2.18,CN,1619318957
Muncar,-8.4333,114.3333,29.24,67,6,2.2,ID,1619318423
San Quintín,30.4833,-115.95,14.58,84,3,6.58,MX,1619318958
Östersund,63.1792,14.6357,-2.78,68,20,5.14,SE,1619318833
Wakema,16.6,95.1833,33.15,41,88,3.44,MM,1619318958
Kudahuvadhoo,2.6708,72.8944,28.36,67,12,3.11,MV,1619318958
Vao,-22.6667,167.4833,23.21,72,100,4.91,NC,1619318458
São Filipe,14.8961,-24.4956,22.13,74,6,3.94,CV,1619318370
Ozernovskiy,51.5,156.5167,0.97,98,100,2.95,RU,1619318959
Vila Velha,-20.3297,-40.2925,23.0,88,75,1.03,BR,1619318826
Mehamn,71.0357,27.8492,0.14,73,100,6.65,NO,1619318959
Baker City,44.7749,-117.8344,9.0,71,90,0.38,US,1619318259
Kahului,20.8947,-156.47,27.0,61,40,10.29,US,1619318137
Rybinsk,58.0446,38.8426,0.44,98,100,4.94,RU,1619318959
Lagoa,39.05,-27.9833,15.12,74,61,10.23,PT,1619318400
Kédougou,12.5579,-12.1743,28.67,29,7,3.93,SN,1619318959
San Roque,36.2107,-5.3842,17.0,77,75,3.6,ES,1619318960
Nānākuli,21.3906,-158.1547,27.0,50,90,5.14,US,1619318960
Inhambane,-23.865,35.3833,21.54,86,3,4.36,MZ,1619318414
Mount Gambier,-37.8333,140.7667,16.0,77,90,2.57,AU,1619318250
San Patricio,28.017,-97.5169,26.0,53,1,3.6,US,1619318960
Luís Correia,-2.8792,-41.6669,25.28,90,95,4.04,BR,1619318960
Atambua,-9.1061,124.8925,28.31,56,18,0.99,ID,1619318960
Bathsheba,13.2167,-59.5167,26.0,61,20,8.23,BB,1619318385
Porto San Giorgio,43.1827,13.7934,8.89,87,1,2.57,IT,1619318961
Amapá,1.0,-52.0,22.45,99,93,1.03,BR,1619318961
Nacogdoches,31.6002,-94.6335,18.33,82,1,1.54,US,1619318961
Inírida,3.8653,-67.9239,23.98,92,99,0.91,CO,1619318961
Ýpsonas,34.6884,32.9574,16.0,77,0,1.54,CY,1619318961
Seoul,37.5683,126.9778,20.0,42,0,4.63,KR,1619318865
Arman',59.7,150.1667,-3.0,57,100,4.1,RU,1619318961
Shiyan,32.6475,110.7781,13.33,87,100,1.14,CN,1619318673
Conakry,9.538,-13.6773,26.26,72,20,3.99,GN,1619318784
Ginir,7.1333,40.7,13.46,90,47,1.54,ET,1619318962
São João dos Patos,-6.495,-43.7022,22.37,93,87,1.58,BR,1619318962
Mbandaka,0.0487,18.2603,20.51,97,71,1.91,CD,1619318257
Río Gallegos,-51.6226,-69.2181,4.0,87,0,2.06,AR,1619318962
Uglovskoye,51.3557,80.1942,8.08,34,67,2.83,RU,1619318962
Clyde River,70.4692,-68.5914,-9.0,100,90,2.57,CA,1619318367
La Joya,18.6667,-99.4667,30.56,21,66,2.29,MX,1619318963
Bandarbeyla,9.4942,50.8122,28.11,74,27,3.0,SO,1619318963
Kamloops,50.6665,-120.3192,15.0,31,90,4.12,CA,1619318963
Mahon,39.8885,4.2658,14.0,94,0,4.12,ES,1619318963
Jódar,37.8406,-3.3526,15.0,73,100,2.61,ES,1619318963
Tasiilaq,65.6145,-37.6368,4.0,75,75,5.14,GL,1619318964
Katsuura,35.1333,140.3,21.67,52,75,7.72,JP,1619318744
Nhulunbuy,-12.2333,136.7667,29.0,74,75,5.66,AU,1619318406
Gal'bshtadt,53.2264,78.9845,7.65,39,43,3.06,RU,1619318964
Mayo,38.8876,-76.5119,11.67,87,90,3.87,US,1619318413
Vostok,46.4856,135.8833,2.37,45,91,6.08,RU,1619318964
Faanui,-16.4833,-151.75,26.55,71,100,3.87,PF,1619318964
Havre-St-Pierre,50.2334,-63.5986,2.0,93,1,5.14,CA,1619318367
Geraldton,-28.7667,114.6,26.0,34,99,3.6,AU,1619318965
Manono,-7.3,27.4167,20.26,97,100,1.82,CD,1619318965
Asău,46.4333,26.4,5.0,59,99,1.49,RO,1619318965
Dogondoutchi,13.6393,4.0287,28.08,44,44,4.25,NE,1619318965
Gorontalo,0.5412,123.0595,31.49,56,89,2.34,ID,1619318231
Ségou,13.4317,-6.2157,29.9,22,52,0.88,ML,1619318966
Kati,12.7441,-8.0726,31.0,42,20,0.51,ML,1619318890
Ulladulla,-35.35,150.4667,18.89,63,90,3.6,AU,1619318457
Nerchinskiy Zavod,51.3088,119.61,12.47,22,85,2.89,RU,1619318966
Yuzhnyy,53.2542,83.6936,7.0,23,0,3.0,RU,1619318966
Karachi,24.9056,67.0822,28.0,51,0,2.06,PK,1619318839
Poum,-20.2333,164.0167,25.91,76,100,2.8,NC,1619318435
Olafsvik,64.8945,-23.7142,5.39,93,100,7.14,IS,1619318966
Windhoek,-22.5594,17.0832,14.0,47,5,2.57,NA,1619318967
Ribeira Grande,38.5167,-28.7,15.13,75,56,8.11,PT,1619318967
Berdigestyakh,62.0989,126.6992,1.2,97,100,2.83,RU,1619318376
Zomin,39.9606,68.3958,20.18,32,6,0.47,UZ,1619318967
Wanxian,30.8039,108.3897,18.93,74,80,3.32,CN,1619318967
Iskateley,67.6803,53.1512,4.03,84,47,4.35,RU,1619318967
San Miguel de Cozumel,20.5083,-86.9458,27.0,74,40,3.6,MX,1619318967
Buchanan,5.8808,-10.0467,25.48,86,100,2.66,LR,1619318387
Diffa,13.3154,12.6113,27.26,42,96,3.55,NE,1619318968
Tamiahua,21.2667,-97.45,24.55,91,100,2.31,MX,1619318968
Meulaboh,4.1363,96.1285,28.15,68,73,0.73,ID,1619318968
Mount Isa,-20.7333,139.5,29.0,34,7,6.69,AU,1619318244
Quatre Cocos,-20.2078,57.7625,26.0,78,75,7.2,MU,1619318968
Frontera,26.9333,-101.45,26.35,15,0,2.89,MX,1619318250
Matara,5.9485,80.5353,27.89,77,34,1.36,LK,1619318687
Northampton,40.8754,-75.2499,15.0,33,90,3.6,US,1619318968
Cayenne,4.9333,-52.3333,26.67,89,0,2.57,GF,1619318218
Balkhash,46.844,74.9804,7.0,33,0,9.0,KZ,1619318969
Namatanai,-3.6667,152.4333,29.59,67,40,4.0,PG,1619318404
Makakilo City,21.3469,-158.0858,27.0,50,90,5.14,US,1619318722
Bambanglipuro,-7.95,110.2833,29.27,63,11,2.1,ID,1619318541
Fortuna,40.5982,-124.1573,12.22,62,40,4.63,US,1619318442
Faya,18.3851,42.4509,16.0,72,0,2.19,SA,1619318438
Hamilton,39.1834,-84.5333,10.56,100,90,1.92,US,1619318375
Stepnogorsk,52.3544,71.8869,8.3,37,100,7.28,KZ,1619318970
Ryōtsu-minato,38.0833,138.4333,14.0,72,75,6.69,JP,1619318970
Xining,36.6167,101.7667,5.15,86,100,1.51,CN,1619318776
Mankono,8.0586,-6.1897,23.06,91,100,1.62,CI,1619318970
Srednekolymsk,67.45,153.6833,-6.55,80,100,3.88,RU,1619318393
Korla,41.7597,86.1469,8.82,42,74,6.98,CN,1619318861
Blanes,41.6742,2.7904,12.22,81,0,0.51,ES,1619318970
Cloquet,46.7216,-92.4594,0.0,51,1,2.24,US,1619318971
Nakusp,50.2499,-117.8023,13.0,47,100,0.51,CA,1619318971
La Unión,-5.4,-80.75,22.25,67,93,6.87,PE,1619318971
Tigil',57.8,158.6667,1.71,99,100,2.48,RU,1619318971
Nouadhibou,20.931,-17.0347,18.0,94,0,6.17,MR,1619318244
Herat Province,34.5,62.0,14.0,24,0,3.61,AF,1619318971
Oranjemund,-28.55,16.4333,16.35,77,98,2.15,NA,1619318400
Puerto Nariño,-3.7703,-70.3831,26.0,100,75,1.03,CO,1619318972
El Alto,-4.2714,-81.2147,21.24,74,85,5.85,PE,1619318972
Margate,51.3813,1.3862,7.22,81,0,2.68,GB,1619318448
Conceição do Araguaia,-8.2578,-49.2647,26.0,89,0,2.06,BR,1619318972
Winchester,51.0651,-1.3187,5.0,75,0,4.12,GB,1619318972
Arrondissement de Bastia,42.6667,9.3333,13.33,71,0,2.57,FR,1619318972
Kavieng,-2.5744,150.7967,29.63,68,15,4.33,PG,1619318401
Ancud,-41.8697,-73.8203,12.22,100,90,2.06,CL,1619318973
Taoudenni,22.6783,-3.9836,28.95,10,0,3.28,ML,1619318836
Champerico,14.3,-91.9167,18.89,96,98,2.47,GT,1619318973
Kuching,1.55,110.3333,31.0,70,20,1.54,MY,1619318973
Fairbanks,64.8378,-147.7164,17.0,26,1,2.06,US,1619318159
Pevek,69.7008,170.3133,-2.96,93,100,2.38,RU,1619318974
Le Port,-20.9373,55.2919,24.0,88,90,7.72,RE,1619318246
Banyo,6.75,11.8167,19.7,92,100,0.78,CM,1619318974
Saint Anthony,45.0205,-93.218,6.11,39,1,2.06,US,1619318178
Lata,40.1629,-8.3327,15.0,88,20,2.06,PT,1619318440
Tilichiki,60.4667,166.1,-1.12,98,100,2.78,RU,1619318974
Robertsport,6.7533,-11.3686,26.62,84,100,2.94,LR,1619318975
Tegul'det,57.3064,88.1667,3.5,81,100,3.23,RU,1619318975
Caxito,-8.5785,13.6643,24.0,94,40,0.51,AO,1619318975
Severo-Kuril'sk,50.6789,156.125,1.45,97,100,3.05,RU,1619318975
Beisfjord,68.3751,17.5988,-2.0,74,90,1.54,NO,1619318975
Semey,50.4111,80.2275,5.0,42,0,3.0,KZ,1619318975
Monroe,43.1501,-77.6831,11.11,58,100,1.84,US,1619318975
Richards Bay,-28.783,32.0377,19.97,86,59,4.62,ZA,1619318739
Airai,-8.9266,125.4092,22.55,51,33,1.77,TL,1619318976
Senneterre,48.3835,-77.2328,7.0,61,40,6.69,CA,1619318976
Realeza,-25.7689,-53.5325,16.24,99,100,0.24,BR,1619318976
Kolpashevo,58.3131,82.9089,2.02,99,98,2.33,RU,1619318976
Mogadishu,2.0371,45.3438,28.12,75,43,4.08,SO,1619318701
Neryungri,56.6709,124.6491,1.81,87,100,1.48,RU,1619318773
Sibolga,1.7427,98.7792,28.85,66,57,1.29,ID,1619318976
Thompson,55.7435,-97.8558,-3.0,46,75,3.09,CA,1619318977
Soe,-9.8607,124.284,25.34,55,39,3.88,ID,1619318977
La Santisima Trinidad,-14.8333,-64.9,22.79,97,83,1.55,BO,1619318977
Sitka,57.0531,-135.33,16.0,23,1,4.63,US,1619318421
Tovuz,40.9922,45.6289,11.0,76,20,0.46,AZ,1619318977
Nome,64.5011,-165.4064,4.0,70,1,1.54,US,1619318420
Guaymas,27.9333,-110.9,28.0,39,1,3.6,MX,1619318977
Half Moon Bay,37.4636,-122.4286,14.0,87,90,4.12,US,1619318830
Tarko-Sale,64.9225,77.785,0.08,98,99,3.45,RU,1619318978
Sanlúcar la Mayor,37.3871,-6.2011,16.11,87,100,0.53,ES,1619318978
Mahibadhoo,3.7833,72.9667,28.48,74,60,3.93,MV,1619318258
Milas,37.3164,27.7839,19.0,55,75,4.63,TR,1619318978
Kaka,37.3482,59.6143,22.58,34,15,1.57,TM,1619318978
Chapais,49.7834,-74.8492,-1.0,80,1,3.09,CA,1619318396
Longyan,25.1072,117.0225,18.71,91,100,1.17,CN,1619318738
Henderson,36.0397,-114.9819,27.0,11,1,10.29,US,1619318979
Shymkent,42.3,69.6,16.0,48,0,3.0,KZ,1619318979
Panalingaan,8.7842,117.4231,29.74,67,96,2.87,PH,1619318979
Los Llanos de Aridane,28.6585,-17.9182,20.0,49,0,3.6,ES,1619318750
Puerto Varas,-41.3195,-72.9854,8.0,93,0,0.99,CL,1619318979
Nishihara,26.1842,127.7558,24.0,68,75,6.69,JP,1619318979
Lingao,19.9103,109.6859,30.15,66,46,1.24,CN,1619318980
Manado,1.487,124.8455,32.0,62,20,2.06,ID,1619318209
Victor Harbor,-35.5667,138.6167,18.33,59,66,0.89,AU,1619318259
Tulum,20.2167,-87.4667,27.0,74,40,3.6,MX,1619318980
Mareeba,-17.0,145.4333,25.56,94,75,3.6,AU,1619318980
Saint-Pierre,-21.3393,55.4781,25.0,78,17,10.8,RE,1619318827
Itakyry,-24.9333,-55.2167,19.0,94,90,5.14,PY,1619318981
College,64.8569,-147.8028,17.0,20,20,0.54,US,1619318728
Port Hardy,50.6996,-127.4199,10.0,81,90,1.54,CA,1619318982
High Level,58.5169,-117.136,4.0,48,40,4.12,CA,1619318756
Tarbert,55.8628,-5.4162,8.0,66,91,5.66,GB,1619318982
Yatou,37.15,122.3833,14.25,46,93,6.75,CN,1619318982
Samarai,-10.6167,150.6667,29.19,71,36,6.9,PG,1619318744
Muros,42.7762,-9.0603,14.44,94,100,0.89,ES,1619318455
Flinders,-34.5833,150.8552,20.56,64,20,1.79,AU,1619318782
Gao,16.6362,1.637,27.84,8,66,1.55,ML,1619318983
Härnösand,62.6323,17.9379,1.67,55,100,7.2,SE,1619318983
Ürümqi,43.801,87.6005,6.0,26,0,1.0,CN,1619318895
Shache,38.4167,77.2406,19.2,13,100,4.03,CN,1619318983
Itarema,-2.9248,-39.9167,25.27,89,97,3.77,BR,1619318852
Socorro,31.6546,-106.3033,24.0,10,1,3.09,US,1619318862
Hapao,16.8797,121.016,28.58,34,54,0.51,PH,1619318984
Arnedo,42.2167,-2.1,12.22,87,0,3.6,ES,1619318984
Puerto Baquerizo Moreno,-0.9,-89.6,24.18,87,87,4.27,EC,1619318984
Caucayá,-0.1934,-74.7819,23.15,95,99,0.56,CO,1619318984
Taltal,-25.4,-70.4833,16.69,83,1,1.43,CL,1619318778
Serowe,-22.3833,26.7167,16.09,35,0,1.2,BW,1619318985
Lagos,6.5833,3.75,27.0,94,40,1.03,NG,1619318985
Pringsewu,-5.3582,104.9744,30.82,54,74,1.13,ID,1619318985
Alta Floresta,-9.8756,-56.0861,21.7,94,44,0.43,BR,1619318985
Leningradskiy,69.3833,178.4167,0.39,84,99,0.64,RU,1619318765
Pochutla,15.7432,-96.4661,27.78,77,67,0.89,MX,1619318985
Altay,47.8667,88.1167,0.26,47,12,0.99,CN,1619318985
Xinyu,27.8043,114.9334,17.01,94,100,1.3,CN,1619318986
Madimba,-10.4,40.3333,23.74,93,98,3.83,TZ,1619318986
Ucluelet,48.9329,-125.5528,8.89,87,100,2.7,CA,1619318425
Turiaçu,-1.6633,-45.3717,23.77,94,100,1.32,BR,1619318986
Chushan,33.2955,113.6528,13.33,82,100,4.71,CN,1619318986
Piranhas,-16.4269,-51.8222,20.19,60,10,1.41,BR,1619318986
Tessalit,20.1986,1.0114,28.81,9,0,3.94,ML,1619318406
Khanbari,27.3747,87.2039,27.53,20,4,1.24,NP,1619318986
Tazovsky,67.4667,78.7,-7.55,92,98,2.72,RU,1619318986
Mocuba,-16.8392,36.9856,18.41,97,95,1.2,MZ,1619318735
Karratha,-20.7377,116.8463,31.04,23,0,8.87,AU,1619318737
Abaza,52.655,90.0928,2.96,73,100,3.34,RU,1619318987
Lompoc,34.6391,-120.4579,13.0,71,100,5.14,US,1619318787
Carbonia,39.1672,8.5222,10.56,87,0,1.54,IT,1619318987
Pouébo,-20.4,164.5667,26.23,75,100,4.95,NC,1619318987
Kazanskaya,45.4106,40.4361,5.82,72,100,1.46,RU,1619318987
Ngawi,-7.4038,111.4461,28.83,67,8,1.76,ID,1619318705
Polis,35.0367,32.4264,15.0,58,96,2.06,CY,1619318988
Ust'-Kulom,61.6864,53.6902,4.37,95,100,4.22,RU,1619318988
Gravelbourg,49.8834,-106.5512,4.0,24,81,3.6,CA,1619318988
Carutapera,-1.195,-46.02,24.75,89,100,1.63,BR,1619318840
Sémbé,1.6481,14.5806,20.79,96,73,1.1,CG,1619318988
Sinegor'ye,62.0788,150.477,-10.24,75,96,2.42,RU,1619318989
Bontang,0.1333,117.5,28.49,74,77,3.46,ID,1619318989
Chiniot,31.72,72.9789,28.19,19,0,0.49,PK,1619318989
Lerik,38.7726,48.4128,13.0,100,75,0.27,AZ,1619318989
Conde,-7.2597,-34.9075,24.0,100,40,2.06,BR,1619318989
Suffolk,40.8668,-72.7996,13.0,50,1,2.57,US,1619318989
Pampa,35.5362,-100.9599,16.0,55,1,8.75,US,1619318989
Westport,41.1415,-73.3579,13.0,54,1,2.06,US,1619318799
Lianyuan,27.6883,111.6642,14.31,90,100,1.89,CN,1619318990
Vila do Maio,15.1333,-23.2167,21.0,73,20,6.69,CV,1619318990
Siverek,37.755,39.3167,16.0,39,0,4.63,TR,1619318990
Santa Luzia,-19.7697,-43.8514,20.0,88,0,1.54,BR,1619318946
Sandakan,5.8402,118.1179,30.0,74,40,1.03,MY,1619318990
San Francisco,37.7749,-122.4194,14.0,62,90,5.66,US,1619318990
Kulynychi,49.9823,36.3842,0.0,80,0,3.24,UA,1619318990
Greymouth,-42.4667,171.2,12.83,85,100,6.24,NZ,1619318990
Luganville,-15.5333,167.1667,27.88,83,76,4.74,VU,1619318404
Lethem,3.3803,-59.7968,23.43,91,100,5.46,GY,1619318991
Oussouye,12.485,-16.5469,22.0,83,0,2.06,SN,1619318991
Ust'-Omchug,61.15,149.6333,-8.55,66,100,4.0,RU,1619318991
Auki,-8.7676,160.7034,28.42,78,63,2.17,SB,1619318447
Cooma,-36.2333,149.1333,12.0,50,1,3.09,AU,1619318991
Khokhryaki,56.9156,53.3221,5.0,96,100,3.58,RU,1619318991
Nelson Bay,-32.7167,152.15,21.67,56,1,2.57,AU,1619318433
Beipiao,41.7919,120.7792,14.83,17,85,3.51,CN,1619318992
Znamenskoye,57.1281,73.8282,6.64,54,100,2.81,RU,1619318992
Marondera,-18.1853,31.5519,12.22,94,61,1.96,ZW,1619318736
Wrocław,51.1,17.0333,6.0,61,0,2.06,PL,1619318929
Shimoda,34.6667,138.95,21.11,64,75,6.69,JP,1619318992
Redmond,47.674,-122.1215,8.89,96,100,1.7,US,1619318892
Tamandaré,-8.7597,-35.1047,25.14,80,17,1.73,BR,1619318992
Uray,60.1247,64.7758,6.41,63,100,4.02,RU,1619318992
Coyhaique,-45.5752,-72.0662,8.15,94,100,2.48,CL,1619318789
Sigli,5.3848,95.9609,28.88,60,92,0.79,ID,1619318993
Banda Aceh,5.5577,95.3222,29.57,61,100,3.01,ID,1619318993
Bāglung,28.2719,83.5898,26.85,15,0,1.28,NP,1619318756
Penzance,50.1186,-5.5371,9.0,71,61,11.5,GB,1619318993
Estelle,29.8458,-90.1067,25.0,88,40,3.09,US,1619318993
Bouna,9.2667,-3.0,22.7,83,98,4.04,CI,1619318993
Tashtyp,52.7939,89.8983,3.39,68,100,5.57,RU,1619318994
Haimen,23.1935,116.6142,23.0,83,90,3.0,CN,1619318994
Soledade,-28.8183,-52.5103,14.95,98,100,2.21,BR,1619318994
Baijiantan,45.6333,85.1833,8.37,25,24,0.74,CN,1619318994
Port Blair,11.6667,92.75,29.0,79,40,1.03,IN,1619318990
Kars,40.602,43.095,1.0,80,0,0.51,TR,1619318995
Yarmouth,41.7057,-70.2286,12.78,50,1,6.17,US,1619318995
Lorengau,-2.0226,147.2712,28.33,75,12,2.21,PG,1619318995
Yantal',56.8471,105.2542,2.01,80,100,4.18,RU,1619318995
Verāval,20.9,70.3667,29.47,55,98,5.53,IN,1619318753
Marsh Harbour,26.5412,-77.0636,24.74,83,100,5.91,BS,1619318995
Burgeo,47.6167,-57.6152,1.0,88,6,5.03,CA,1619318995
Gunjur,13.2019,-16.7339,19.0,94,0,5.66,GM,1619318996
Kamskiye Polyany,55.4307,51.4171,6.0,93,90,5.0,RU,1619318996
Riyadh,24.6877,46.7219,24.0,12,0,0.51,SA,1619318585
Koumra,8.9126,17.5539,24.93,71,98,4.38,TD,1619318996
Vila Franca do Campo,37.7167,-25.4333,15.0,77,40,9.26,PT,1619318413
Northam,51.0333,-4.2167,8.33,62,0,4.02,GB,1619318397
Ulagan,50.6321,87.9563,-1.16,59,88,1.23,RU,1619318996
Portland,45.5234,-122.6762,11.0,76,90,3.6,US,1619318996
Hirara,24.8,125.2833,25.0,65,75,7.72,JP,1619318851
Harper,4.375,-7.7169,26.63,85,100,3.43,LR,1619318997
Tuatapere,-46.1333,167.6833,7.78,77,40,6.71,NZ,1619318997
Beyneu,45.3167,55.2,16.21,42,93,2.31,KZ,1619318997
Te Anau,-45.4167,167.7167,8.32,65,15,3.47,NZ,1619318997
Stanghelle,60.5528,5.7357,1.11,71,4,1.63,NO,1619318997
Tahe,52.3333,124.7333,9.98,29,89,2.77,CN,1619318997
Magnitka,55.3475,59.6961,4.37,83,100,2.19,RU,1619318997
Havelock,34.8791,-76.9013,21.11,78,90,7.72,US,1619318998
Santa Cruz del Sur,20.7147,-77.9956,26.14,74,47,0.51,CU,1619318998
Bosaso,11.2842,49.1816,29.25,66,82,1.86,SO,1619318998
San Cristobal,7.7669,-72.225,26.0,89,40,1.03,VE,1619318992
Rosice,49.1823,16.3879,6.67,70,0,3.6,CZ,1619318998
Pawai,24.2667,80.1667,31.58,9,98,1.54,IN,1619318998
Cairns,-16.9167,145.7667,25.0,94,75,3.6,AU,1619318748
Lodeynoye Pole,60.726,33.5531,2.02,97,100,3.14,RU,1619318999
Kargil,34.5667,76.1,-0.02,33,4,0.34,IN,1619318999
Rørvik,64.8621,11.2373,3.18,60,100,9.27,NO,1619318999
Talwandi Bhai,30.85,74.9333,27.48,18,1,2.5,IN,1619318999
Brits,-25.6347,27.7802,10.0,50,0,1.54,ZA,1619318999
Berlevåg,70.8578,29.0864,0.99,77,100,8.51,NO,1619318815
Russell,32.3502,-85.1999,19.0,82,75,3.6,US,1619318838
Podporozh'ye,60.9112,34.1706,1.78,97,100,2.66,RU,1619319000
Miyako,39.6367,141.9525,12.62,64,100,3.43,JP,1619318689
Seminole,28.7086,-81.2081,27.0,57,1,6.17,US,1619319000
San Jerónimo,-11.9472,-75.2829,8.53,81,17,0.9,PE,1619318407
Port Hedland,-20.3167,118.5667,32.0,19,0,7.72,AU,1619318248
Gizo Government Station,-8.103,156.8419,29.79,66,34,3.46,SB,1619319000
Eureka,40.8021,-124.1637,11.67,72,100,3.13,US,1619318768
Tinley Park,41.5734,-87.7845,12.78,61,94,1.34,US,1619318983
Ahipara,-35.1667,173.1667,17.95,55,61,3.88,NZ,1619319001
Ko Samui,9.5357,99.9357,30.0,66,20,4.12,TH,1619319001
Tura,25.5198,90.2201,33.01,21,2,1.79,IN,1619318817
Itoman,26.1247,127.6694,23.0,68,40,6.17,JP,1619319001
Zielona Góra,51.9355,15.5064,3.33,43,69,1.76,PL,1619319002
Goundam,16.4145,-3.6708,31.32,12,94,3.78,ML,1619319002
Raudeberg,61.9875,5.1352,2.22,85,37,4.85,NO,1619319002
Ubari,26.5921,12.7805,20.22,40,0,4.42,LY,1619318422
Sangmélima,2.9333,11.9833,18.18,91,100,0.44,CM,1619319002
Ust'-Koksa,50.2696,85.6108,-0.57,64,30,0.59,RU,1619319003
Kropotkin,45.4375,40.5756,6.26,72,100,1.6,RU,1619318735
Ouro Preto do Oeste,-10.7481,-62.2158,22.83,96,62,1.2,BR,1619319003
Steinheim,51.8707,9.0914,-0.56,87,6,1.57,DE,1619319003
Yinchuan,38.4681,106.2731,12.83,51,15,0.19,CN,1619318986
Marabu,4.4148,114.0089,29.0,70,20,3.09,MY,1619319003
Stara Pazova,44.985,20.1608,7.78,93,0,0.51,RS,1619319004
Manggar,-2.8833,108.2667,30.24,62,11,3.96,ID,1619319004
Khandyga,62.6667,135.6,-2.66,81,100,0.5,RU,1619319004
Katangli,51.7102,143.2326,2.04,62,46,5.81,RU,1619319004
Malaya Vishera,58.8454,32.2222,-0.26,93,100,3.3,RU,1619319004
Kenora,49.8167,-94.4337,1.0,34,20,1.54,CA,1619319004
Broken Hill,-31.95,141.4333,19.0,45,0,3.6,AU,1619319004
Nueva Gerona,21.8833,-82.8,26.11,76,97,2.93,CU,1619319005
Arlit,18.7369,7.3853,29.69,13,37,1.48,NE,1619319005
Kapit,2.0167,112.9333,32.61,55,64,0.82,MY,1619319005
Magalia,39.8121,-121.5783,16.67,59,100,0.45,US,1619319005
Port Macquarie,-31.4333,152.9167,23.33,57,0,3.47,AU,1619319004
Camaná,-16.6228,-72.7111,19.48,86,14,3.52,PE,1619319005
Durazno,-33.4131,-56.5006,13.82,92,0,4.14,UY,1619319005
Igarka,67.4667,86.5833,-4.82,84,80,7.11,RU,1619318841
West Wendover,40.7391,-114.0733,18.0,15,1,4.63,US,1619319006
Sakakah,29.9697,40.2064,24.0,15,0,3.09,SA,1619319006
George Town,5.4112,100.3354,30.0,74,20,2.57,MY,1619318170
Rudnogorsk,57.2639,103.7519,1.49,82,100,4.28,RU,1619319006
Ternate,0.8,127.4,29.02,71,26,3.71,ID,1619318951
Sobrance,48.7445,22.1814,3.89,65,98,0.7,SK,1619319006
Lufilufi,-13.8745,-171.5986,33.0,70,20,2.57,WS,1619319007
Punta de Bombón,-17.1717,-71.7931,19.43,85,63,3.44,PE,1619319007
Havøysund,70.9963,24.6622,-2.0,64,97,3.6,NO,1619318448
Gazojak,41.1875,61.4036,17.48,30,34,7.42,TM,1619319007
Pamanukan,-6.2842,107.8106,30.41,59,89,1.54,ID,1619318696
Siavonga,-16.5382,28.7088,20.22,69,81,1.75,ZM,1619319007
Oxford,51.7522,-1.256,5.0,75,0,4.12,GB,1619319007
Juegang,32.3174,121.1855,17.22,82,100,4.87,CN,1619319008
Liuzhou,24.3126,109.3892,19.48,85,100,4.44,CN,1619319008
Talaya,61.3833,152.75,-9.06,70,100,4.25,RU,1619319008
Ihosy,-22.4,46.1167,17.81,91,73,2.77,MG,1619319008
Pemangkat,1.1667,108.9667,30.03,65,46,2.18,ID,1619319008
Bassar,9.25,0.7833,23.15,77,100,0.21,TG,1619319008
Siuna,13.7332,-84.7773,21.66,81,20,0.53,NI,1619319009
Bulancak,40.9372,38.2291,11.0,100,75,1.54,TR,1619319009
Gemena,3.25,19.7667,20.8,97,97,1.04,CD,1619319009
Esim,4.8699,-2.2405,26.54,84,100,2.07,GH,1619318836
Cedar City,37.6775,-113.0619,18.0,14,1,11.83,US,1619319009
Acajutla,13.5928,-89.8275,22.22,94,9,0.85,SV,1619318773
Kuruman,-27.4524,23.4325,13.43,36,0,1.09,ZA,1619319009
Minden,52.2833,8.9167,2.0,93,5,3.09,DE,1619319010
